<?xml version="1.0" encoding="UTF-8"?><idempiere Name="AD_Process" Version="1.0.0" idempiereVersion="5.1.0.qualifier" DataBaseVersion="2017-10-31" Description="" Author="SuperUser" AuthorEmail="superuser @ idempiere.com" CreatedDate="Sun Sep 09 14:56:55 ICT 2018" UpdatedDate="Sun Sep 09 14:56:55 ICT 2018" PackOutVersion="100" UpdateDictionary="true" Client="0-SYSTEM-System" AD_Client_UU="11237b53-9592-4af1-b3c5-afd216514b5d">
    <AD_Attachment type="table">
        <AD_Client_ID>0</AD_Client_ID>
        <AD_Org_ID>0</AD_Org_ID>
        <IsActive>Y</IsActive>
        <AD_Table_ID reference="id">284</AD_Table_ID>
        <Record_ID reference="uuid" reference-key="AD_Process">61bf3af4-3bff-4c10-a5ad-6c80422fb985</Record_ID>
        <BinaryData>1.dat|byte[]</BinaryData>
        <Title>zip</Title>
        <TextMsg/>
        <AD_Attachment_UU>9b160731-5606-4a15-8e92-cd393d1a9d53</AD_Attachment_UU>
    </AD_Attachment>
    <AD_Process type="table">
        <AD_Client_ID>0</AD_Client_ID>
        <AD_Org_ID>0</AD_Org_ID>
        <IsActive>Y</IsActive>
        <Name>Info Barcode Print</Name>
        <Description/>
        <Help/>
        <ProcedureName/>
        <IsReport>N</IsReport>
        <Value>Info Print</Value>
        <IsDirectPrint>N</IsDirectPrint>
        <AD_ReportView_ID reference="id"/>
        <Classname/>
        <AccessLevel>7</AccessLevel>
        <EntityType>CUST</EntityType>
        <Statistic_Count>0</Statistic_Count>
        <Statistic_Seconds>0</Statistic_Seconds>
        <AD_PrintFormat_ID reference="id"/>
        <WorkflowValue/>
        <AD_Workflow_ID reference="id"/>
        <IsBetaFunctionality>N</IsBetaFunctionality>
        <IsServerProcess>N</IsServerProcess>
        <ShowHelp>Y</ShowHelp>
        <JasperReport>attachment:Asset Label B code3of9.jrxml</JasperReport>
        <AD_Form_ID reference="id"/>
        <CopyFromProcess>N</CopyFromProcess>
        <AD_Process_UU>61bf3af4-3bff-4c10-a5ad-6c80422fb985</AD_Process_UU>
        <AD_CtxHelp_ID reference="id"/>
        <AD_Process_Trl type="translation">
            <Help/>
            <Description/>
            <Name>Info Barcode Print</Name>
            <AD_Language>es_CO</AD_Language>
            <IsActive>Y</IsActive>
            <IsTranslated>N</IsTranslated>
        </AD_Process_Trl>
    </AD_Process>
</idempiere>
