<?xml version="1.0" encoding="UTF-8"?><idempiere Name="th.motive.info.print" Version="1.0.0" idempiereVersion="" DataBaseVersion="" Description="packout to maintain AD for plugin th.motive.info.print" Author="" AuthorEmail="hieplq@hasuvimex.vn" CreatedDate="2018-09-09 14:40:00.058" UpdatedDate="2018-09-09 14:40:00.058" PackOutVersion="100" UpdateDictionary="true" Client="0-SYSTEM-System" AD_Client_UU="11237b53-9592-4af1-b3c5-afd216514b5d">
    <SQLStatement type="custom">
        <DBType>Postgres</DBType>
        <statement><![CDATA[UPDATE AD_Column SET IsActive='Y',Updated=TO_TIMESTAMP('2018-09-09 14:46:34','YYYY-MM-DD HH24:MI:SS'),UpdatedBy=100 WHERE AD_Column_ID=210944
;]]></statement>
    </SQLStatement>
    <SQLStatement type="custom">
        <DBType>Oracle</DBType>
        <statement><![CDATA[UPDATE AD_Column SET IsActive='Y',Updated=TO_DATE('2018-09-09 14:46:34','YYYY-MM-DD HH24:MI:SS'),UpdatedBy=100 WHERE AD_Column_ID=210944
;]]></statement>
    </SQLStatement>
    <AD_EntityType type="table">
        <AD_Client_ID>0</AD_Client_ID>
        <AD_Org_ID>0</AD_Org_ID>
        <EntityType>th.motive.info.print</EntityType>
        <IsActive>Y</IsActive>
        <Name>th.motive.info.print</Name>
        <Description>Mange element relate print from info panel</Description>
        <Help/>
        <Version/>
        <ModelPackage/>
        <Classpath/>
        <Processing>N</Processing>
        <AD_EntityType_UU>fd5c49ac-0fa6-40af-bb00-be69f3a8cb52</AD_EntityType_UU>
    </AD_EntityType>
    <AD_Element type="table">
        <AD_Client_ID>0</AD_Client_ID>
        <AD_Org_ID>0</AD_Org_ID>
        <IsActive>Y</IsActive>
        <ColumnName>AllowDefaultPrint</ColumnName>
        <Name>Allow Default Print</Name>
        <Description>When info window don't define a print format, auto generate one from template</Description>
        <Help/>
        <PrintName>Allow Default Print</PrintName>
        <PO_Description/>
        <PO_Help/>
        <PO_Name/>
        <PO_PrintName/>
        <EntityType>th.motive.info.print</EntityType>
        <AD_Element_UU>dccd227f-9c93-48d6-a0ba-25e4ae7d7228</AD_Element_UU>
        <AD_Element_Trl type="translation">
            <Help/>
            <PO_Description/>
            <PO_Help/>
            <Name>Allow Default Print</Name>
            <Description>When info window don't define a print format, auto generate one from template</Description>
            <PrintName>Allow Default Print</PrintName>
            <PO_Name/>
            <PO_PrintName/>
            <AD_Language>es_CO</AD_Language>
            <IsActive>Y</IsActive>
            <IsTranslated>N</IsTranslated>
        </AD_Element_Trl>
    </AD_Element>
    <AD_Column type="table">
        <IsSyncDatabase>Y</IsSyncDatabase>
        <AD_Table_ID reference="id">895</AD_Table_ID>
        <AD_Reference_Value_ID reference="id"/>
        <AD_Client_ID>0</AD_Client_ID>
        <AD_Org_ID>0</AD_Org_ID>
        <Version>0</Version>
        <Name>Allow Default Print</Name>
        <Description>When info window don't define a print format, auto generate one from template</Description>
        <Help/>
        <AD_Val_Rule_ID reference="id"/>
        <ColumnName>AllowDefaultPrint</ColumnName>
        <DefaultValue>N</DefaultValue>
        <FieldLength>1</FieldLength>
        <IsKey>N</IsKey>
        <IsParent>N</IsParent>
        <IsMandatory>N</IsMandatory>
        <IsTranslated>N</IsTranslated>
        <IsIdentifier>N</IsIdentifier>
        <SeqNo>0</SeqNo>
        <IsEncrypted>N</IsEncrypted>
        <AD_Reference_ID reference="id">20</AD_Reference_ID>
        <IsActive>Y</IsActive>
        <VFormat/>
        <Callout/>
        <AD_Element_ID reference="uuid" reference-key="AD_Element">dccd227f-9c93-48d6-a0ba-25e4ae7d7228</AD_Element_ID>
        <IsUpdateable>Y</IsUpdateable>
        <AD_Process_ID reference="id"/>
        <ValueMin/>
        <ValueMax/>
        <IsSelectionColumn>N</IsSelectionColumn>
        <ReadOnlyLogic/>
        <EntityType>th.motive.info.print</EntityType>
        <IsAlwaysUpdateable>N</IsAlwaysUpdateable>
        <ColumnSQL/>
        <MandatoryLogic/>
        <IsAutocomplete>N</IsAutocomplete>
        <IsAllowLogging>Y</IsAllowLogging>
        <FormatPattern/>
        <AD_Chart_ID reference="id"/>
        <AD_Column_UU>cf17c543-f6dd-43b4-8b94-1f1f944b505c</AD_Column_UU>
        <IsAllowCopy>Y</IsAllowCopy>
        <SeqNoSelection>0</SeqNoSelection>
        <IsToolbarButton>N</IsToolbarButton>
        <IsSecure>N</IsSecure>
        <FKConstraintName/>
        <FKConstraintType>N</FKConstraintType>
        <PA_DashboardContent_ID reference="id"/>
    </AD_Column>
    <AD_Field type="table">
        <AD_Client_ID>0</AD_Client_ID>
        <AD_Org_ID>0</AD_Org_ID>
        <Name>Process</Name>
        <Description>Process or Report</Description>
        <Help>The Process field identifies a unique Process or Report in the system.</Help>
        <AD_Tab_ID reference="id">842</AD_Tab_ID>
        <AD_Column_ID reference="id">210944</AD_Column_ID>
        <IsDisplayed>Y</IsDisplayed>
        <DisplayLogic/>
        <DisplayLength>0</DisplayLength>
        <SeqNo>230</SeqNo>
        <SortNo>0</SortNo>
        <IsSameLine>N</IsSameLine>
        <IsHeading>N</IsHeading>
        <IsFieldOnly>N</IsFieldOnly>
        <IsEncrypted>N</IsEncrypted>
        <IsActive>Y</IsActive>
        <IsReadOnly>N</IsReadOnly>
        <IsCentrallyMaintained>Y</IsCentrallyMaintained>
        <AD_FieldGroup_ID reference="id"/>
        <EntityType>th.motive.info.print</EntityType>
        <ObscureType/>
        <AD_Reference_ID reference="id"/>
        <IsMandatory/>
        <DefaultValue/>
        <AD_Reference_Value_ID reference="id"/>
        <AD_Val_Rule_ID reference="id"/>
        <Included_Tab_ID reference="id"/>
        <AD_Field_UU>7a3c41e7-803f-4278-81f4-7164f6734338</AD_Field_UU>
        <IsAllowCopy/>
        <IsDisplayedGrid>Y</IsDisplayedGrid>
        <SeqNoGrid>140</SeqNoGrid>
        <XPosition>1</XPosition>
        <ColumnSpan>2</ColumnSpan>
        <NumLines>1</NumLines>
        <IsQuickEntry>N</IsQuickEntry>
        <IsUpdateable/>
        <IsAlwaysUpdateable/>
        <MandatoryLogic/>
        <ReadOnlyLogic/>
        <IsToolbarButton/>
        <IsDefaultFocus>N</IsDefaultFocus>
        <IsAdvancedField>N</IsAdvancedField>
        <VFormat/>
        <AD_LabelStyle_ID reference="id"/>
        <AD_FieldStyle_ID reference="id"/>
        <AD_Field_Trl type="translation">
            <Help>The Process field identifies a unique Process or Report in the system.</Help>
            <Description>Process or Report</Description>
            <Name>Process</Name>
            <AD_Language>es_CO</AD_Language>
            <IsActive>Y</IsActive>
            <IsTranslated>N</IsTranslated>
        </AD_Field_Trl>
    </AD_Field>
    <AD_Field type="table">
        <AD_Client_ID>0</AD_Client_ID>
        <AD_Org_ID>0</AD_Org_ID>
        <Name>Allow Default Print</Name>
        <Description>When info window don't define a print format, auto generate one from template</Description>
        <Help/>
        <AD_Tab_ID reference="id">842</AD_Tab_ID>
        <AD_Column_ID reference="uuid" reference-key="AD_Column">cf17c543-f6dd-43b4-8b94-1f1f944b505c</AD_Column_ID>
        <IsDisplayed>Y</IsDisplayed>
        <DisplayLogic/>
        <DisplayLength>0</DisplayLength>
        <SeqNo>240</SeqNo>
        <SortNo>0</SortNo>
        <IsSameLine>N</IsSameLine>
        <IsHeading>N</IsHeading>
        <IsFieldOnly>N</IsFieldOnly>
        <IsEncrypted>N</IsEncrypted>
        <IsActive>Y</IsActive>
        <IsReadOnly>N</IsReadOnly>
        <IsCentrallyMaintained>Y</IsCentrallyMaintained>
        <AD_FieldGroup_ID reference="id"/>
        <EntityType>th.motive.info.print</EntityType>
        <ObscureType/>
        <AD_Reference_ID reference="id"/>
        <IsMandatory/>
        <DefaultValue/>
        <AD_Reference_Value_ID reference="id"/>
        <AD_Val_Rule_ID reference="id"/>
        <Included_Tab_ID reference="id"/>
        <AD_Field_UU>ec1129ad-6d74-40e4-b021-3b18af387e13</AD_Field_UU>
        <IsAllowCopy/>
        <IsDisplayedGrid>Y</IsDisplayedGrid>
        <SeqNoGrid>150</SeqNoGrid>
        <XPosition>5</XPosition>
        <ColumnSpan>1</ColumnSpan>
        <NumLines>1</NumLines>
        <IsQuickEntry>N</IsQuickEntry>
        <IsUpdateable/>
        <IsAlwaysUpdateable/>
        <MandatoryLogic/>
        <ReadOnlyLogic/>
        <IsToolbarButton/>
        <IsDefaultFocus>N</IsDefaultFocus>
        <IsAdvancedField>N</IsAdvancedField>
        <VFormat/>
        <AD_LabelStyle_ID reference="id"/>
        <AD_FieldStyle_ID reference="id"/>
        <AD_Field_Trl type="translation">
            <Help/>
            <Description>When info window don't define a print format, auto generate one from template</Description>
            <Name>Allow Default Print</Name>
            <AD_Language>es_CO</AD_Language>
            <IsActive>Y</IsActive>
            <IsTranslated>N</IsTranslated>
        </AD_Field_Trl>
    </AD_Field>
</idempiere>
